City,Cloudiness,Country,Date,Humidity,Lat,Lon,Max Temp,Wind Speed
tubuala,40,PA,1569373398,94,9.52,-79.03,81,2.24
nikolskoye,0,RU,1569373398,94,59.7,30.79,41,2.24
nacala,0,MZ,1569373398,96,-14.56,40.69,68.17,6.38
remanso,85,BR,1569373398,43,-9.62,-42.08,79.32,11.79
maceio,20,BR,1569373222,83,-9.67,-35.74,75.2,5.82
ushuaia,75,AR,1569373240,70,-54.81,-68.31,44.6,4.7
torbay,90,CA,1569373398,93,47.66,-52.73,46,8.05
mandalgovi,57,MN,1569373399,29,45.76,106.27,57.91,8.1
ancud,0,CL,1569373399,100,-41.87,-73.83,50,3.36
kavieng,100,PG,1569373399,68,-2.57,150.8,84.19,6.98
aklavik,40,CA,1569373399,61,68.22,-135.01,46.4,4.7
hobart,75,AU,1569373165,46,-42.88,147.33,55.99,5.82
mataura,100,NZ,1569373399,75,-46.19,168.86,43,5.99
krasnyy chikoy,0,RU,1569373400,77,50.36,108.75,51.42,3.58
zacatepec,84,MX,1569373400,88,20.06,-98.01,59.35,8.01
naples,20,IT,1569373400,88,40.84,14.25,71.01,1.12
bowen,40,AU,1569373400,54,-20.01,148.25,78.8,14.99
bluff,45,AU,1569373400,53,-23.58,149.07,75.01,12.3
sorland,61,NO,1569373400,50,67.67,12.69,50.52,1.7
chokurdakh,0,RU,1569373400,62,70.62,147.9,30.19,6.93
dunedin,94,NZ,1569373145,71,-45.87,170.5,46,23
jamestown,0,AU,1569373401,53,-33.21,138.6,59.71,10.58
georgetown,40,GY,1569373349,74,6.8,-58.16,84.2,11.41
kudahuvadhoo,100,MV,1569373406,76,2.67,72.89,79.87,7.83
klaksvik,100,FO,1569373406,100,62.23,-6.59,51.8,18.34
esperance,52,AU,1569373407,36,-33.86,121.89,62.6,13.87
qujing,100,CN,1569373407,88,25.49,103.8,51.79,2.48
cape town,0,ZA,1569373207,76,-33.93,18.42,61,9.17
sibut,100,CF,1569373408,88,5.73,19.09,71.05,2.71
albany,90,US,1569373371,93,42.65,-73.75,63,3.36
avarua,25,CK,1569373408,60,-21.21,-159.78,75.2,13.87
chuy,0,UY,1569373408,85,-33.69,-53.46,55.02,7.85
rikitea,76,PF,1569373408,65,-23.12,-134.97,71.05,4.41
iwanai,0,JP,1569373408,51,42.97,140.51,57.37,21.81
raudeberg,38,NO,1569373408,93,61.99,5.14,51.01,2.24
bereda,20,ES,1569373409,82,43.27,-7.54,62.01,5.82
tiksi,59,RU,1569373409,82,71.64,128.87,35.59,13.22
qaanaaq,96,GL,1569373133,87,77.48,-69.36,20.65,5.75
roald,0,NO,1569373409,93,62.58,6.12,51.8,3.36
ahipara,58,NZ,1569373409,87,-35.17,173.16,64,29.21
grootfontein,38,NA,1569373409,14,-19.56,18.1,61.69,11.41
balkhash,8,KZ,1569373409,48,46.84,74.98,55.21,6.08
aranjuez,20,ES,1569373410,56,40.03,-3.6,69.01,9.17
port alfred,61,ZA,1569373410,74,-33.59,26.89,54,1.99
pevek,100,RU,1569373410,94,69.7,170.27,34.32,11.68
butaritari,25,KI,1569373410,75,3.07,172.79,84.37,12.73
busselton,62,AU,1569373410,60,-33.64,115.35,66,13.94
carnarvon,0,ZA,1569373411,83,-30.97,22.13,44.22,19.46
longyearbyen,75,NO,1569373411,86,78.22,15.63,37.4,6.93
margate,75,AU,1569373411,46,-43.03,147.26,55.99,5.82
bilgoraj,53,PL,1569373411,100,50.54,22.72,42.01,3.36
thompson,90,CA,1569373411,76,55.74,-97.86,50,17.22
yellowknife,75,CA,1569373411,65,62.45,-114.38,44.6,10.29
touros,0,BR,1569373411,78,-5.2,-35.46,75.2,9.17
zachary,1,US,1569373412,74,30.65,-91.16,82.4,1.99
tuatapere,100,NZ,1569373412,75,-46.13,167.69,43,5.99
tasiilaq,100,GL,1569373412,93,65.61,-37.64,41,6.93
japura,42,ID,1569373412,96,-0.42,102.29,73.75,1.5
albania,83,CO,1569373412,94,5.76,-73.91,66.91,2.33
mahajanga,0,MG,1569373412,83,-15.72,46.32,73.4,4.7
kapaa,90,US,1569373413,78,22.08,-159.32,86,4.7
takab,0,IR,1569373413,60,36.4,47.11,38.82,1.39
kinshasa,80,CD,1569373413,78,-4.32,15.31,77,4.7
atuona,0,PF,1569373413,76,-9.8,-139.03,79.69,17.96
thessalon,1,CA,1569373413,82,46.26,-83.55,62.6,8.05
saint george,40,GR,1569373413,100,39.45,22.34,60.8,4.07
khatanga,54,RU,1569373414,78,71.98,102.47,33.79,10.51
waingapu,80,ID,1569373414,71,-9.65,120.26,78.61,13.51
houma,65,CN,1569373414,48,35.63,111.36,67.45,2.57
general roca,0,AR,1569373243,45,-39.03,-67.58,64.4,5.53
lubao,82,CD,1569373414,81,-5.39,25.75,74.29,4.76
katsuura,20,JP,1569373414,69,33.93,134.5,78.01,9.17
upernavik,100,GL,1569373414,88,72.79,-56.15,35.59,9.84
russkaya polyana,10,RU,1569373414,83,53.78,73.88,35.95,8.93
marawi,27,PH,1569373415,67,8,124.29,84.99,3
mar del plata,3,AR,1569373415,37,-46.43,-67.52,62.59,9.69
totness,40,US,1569373415,78,33.74,-80.8,84.2,5.55
petropavlovsk-kamchatskiy,90,RU,1569373415,100,53.05,158.65,50,11.18
kahului,40,US,1569373415,43,20.89,-156.47,91.4,19.46
hermanus,0,ZA,1569373415,80,-34.42,19.24,57,14
brae,99,GB,1569373415,93,60.4,-1.35,53.6,25.28
hobyo,12,SO,1569373416,76,5.35,48.53,75.91,17.69
norman wells,75,CA,1569373416,61,65.28,-126.83,46.4,6.93
gazli,0,UZ,1569373416,28,40.13,63.45,61.15,14.27
vardo,40,US,1569373416,63,39.62,-77.74,68,6.93
pangnirtung,96,CA,1569373416,94,66.15,-65.72,32.17,0.98
ribeira grande,0,PT,1569373401,66,38.52,-28.7,70.51,10.65
lyngdal,100,NO,1569373417,100,58.14,7.07,54,13.87
lagos,20,NG,1569373286,88,6.46,3.39,78.8,4.52
poum,44,MK,1569373417,94,41.28,20.71,48.55,1.12
vao,98,EE,1569373418,91,59.1,26.19,41.89,9.37
fortuna,1,US,1569373418,82,40.6,-124.16,77,13.87
pasni,33,PK,1569373418,82,25.26,63.48,81.49,4.41
east london,90,ZA,1569373381,70,-33.02,27.91,52.51,3.31
haveri,100,IN,1569373418,97,14.79,75.4,69.61,3.15
fraserburgh,90,GB,1569373418,93,57.69,-2.02,57.2,12.75
beringovskiy,30,RU,1569373418,63,63.05,179.32,37.75,7.7
kaitangata,95,NZ,1569373419,69,-46.28,169.85,43,11.01
tafo,3,GH,1569373419,99,6.73,-1.61,70.51,1.57
ostersund,69,SE,1569373419,81,63.18,14.64,42.8,5.82
vwawa,0,TZ,1569373419,56,-9.11,32.94,64.02,2.57
izumo,20,JP,1569373419,82,35.37,132.75,68,3.36
mequon,5,US,1569373419,49,43.22,-87.98,75.2,10.29
hithadhoo,100,MV,1569373420,73,-0.6,73.08,81.31,9.73
dikson,100,RU,1569373420,96,73.51,80.55,37.02,20.29
takoradi,55,GH,1569373420,95,4.89,-1.75,74.11,6.15
hilo,75,US,1569373146,55,19.71,-155.08,86,11.41
ilulissat,86,GL,1569373420,86,69.22,-51.1,37.4,13.94
esna,68,RO,1569373420,92,45.2,27.57,55.75,4.03
cotonou,20,BJ,1569373420,88,6.37,2.43,80.6,6.93
pui,100,RO,1569373421,85,45.51,23.09,52.32,2.44
petropavlovka,48,RU,1569373421,76,50.61,105.32,50.52,2.46
barrow,0,AR,1569373421,54,-38.31,-60.23,55.57,2.62
kamaishi,20,JP,1569373421,49,39.28,141.86,68,10.29
libreville,20,GA,1569373252,83,0.39,9.45,78.8,6.93
broome,89,GB,1569373421,100,52.47,1.45,60.01,6.93
kasama,1,ZM,1569373421,54,-10.21,31.19,58.99,5.12
hamilton,20,CA,1569373367,77,43.26,-79.87,64.4,5.82
mutis,74,CO,1569373422,81,6.23,-77.4,79.69,10.69
coahuayana,39,MX,1569373422,81,18.62,-100.35,80.05,2.42
anadyr,20,RU,1569373422,64,64.73,177.51,39.2,11.18
cileunyi,1,ID,1569373422,57,-6.94,107.75,73.21,1.97
ugoofaaru,100,MV,1569373422,79,5.67,73,81.49,19.1
coos bay,1,US,1569373422,77,43.37,-124.22,77,17.22
cherskiy,0,RU,1569373422,59,68.75,161.3,34.51,8.05
puerto ayora,0,EC,1569373423,69,-0.74,-90.35,73.4,10.29
iqaluit,75,CA,1569373423,83,63.75,-68.52,37.4,3.36
saint-philippe,90,CA,1569373423,87,45.36,-73.48,59,5.19
tuktoyaktuk,20,CA,1569373423,80,69.44,-133.03,41,3.36
preobrazheniye,0,RU,1569373423,39,42.9,133.91,55.92,6.51
vaini,75,IN,1569373423,94,15.34,74.49,71.6,2.24
calvinia,0,ZA,1569373423,54,-31.47,19.78,55.92,14.7
matara,57,BI,1569373424,72,-3.48,29.48,55.21,0.49
port hardy,75,CA,1569373424,72,50.7,-127.42,59,4.7
san andres,32,PH,1569373424,75,13.32,122.68,81.85,5.55
cidreira,0,BR,1569373424,90,-30.17,-50.22,60.42,7.96
kavaratti,100,IN,1569373424,78,10.57,72.64,81.12,14.2
humaita,0,AR,1569373424,35,-24.93,-65.37,75.2,4.7
arraial do cabo,0,BR,1569373425,64,-22.97,-42.02,68,9.17
baft,0,IR,1569373425,67,29.23,56.61,52.69,3.96
clyde river,1,CA,1569373388,92,70.47,-68.59,28.4,2.24
saskylakh,98,RU,1569373425,93,71.97,114.09,34.15,8.46
plouzane,90,FR,1569373425,87,48.38,-4.62,60.01,16.11
nong bua,45,TH,1569373426,81,15.87,100.58,74.65,3.02
carutapera,40,BR,1569373426,79,-1.2,-46.02,79.51,7.92
fangshan,0,CN,1569373426,68,39.75,116.14,79,4.47
arlit,0,NE,1569373426,14,18.74,7.39,88.87,7.02
arman,100,RU,1569373426,81,59.7,150.17,31.09,16.33
simbahan,67,PH,1569373426,75,6.3,120.58,82.02,4.18
bambous virieux,75,MU,1569373427,88,-20.34,57.76,71.6,12.75
new norfolk,75,AU,1569373427,46,-42.78,147.06,55.99,5.82
san cristobal,79,HN,1569373334,84,14.68,-86.92,73.39,2.26
gidole,62,ET,1569373427,71,5.65,37.37,71.77,2.82
srednekolymsk,0,RU,1569373427,53,67.46,153.71,33.42,10.47
bogovarovo,92,RU,1569373427,96,58.98,47.02,34.69,5.79
mogwase,0,ZA,1569373427,82,-25.28,27.22,53.22,3.98
port hedland,74,AU,1569373428,28,-20.31,118.58,84.2,8.05
ornskoldsvik,99,SE,1569373428,81,63.29,18.72,42.8,3.36
helena,75,US,1569373428,25,46.59,-112.04,66.2,18.34
berezovyy,2,RU,1569373428,44,51.67,135.7,44.59,8.41
yerbogachen,23,RU,1569373428,88,61.28,108.01,38.82,7.16
northam,75,AU,1569373428,93,-31.65,116.67,60.8,5.82
spokane,1,US,1569373428,18,47.66,-117.42,73.4,16.11
castro,0,CL,1569373429,100,-42.48,-73.76,50,3.36
sibolga,85,ID,1569373311,78,1.74,98.78,80.59,5.55
puerto asis,84,CO,1569373429,90,0.51,-76.5,74.11,0.65
gunjur,75,GM,1569373429,88,13.18,-16.76,80.6,5.82
porto novo,75,BR,1569373429,82,-23.68,-45.44,62.6,9.17
luderitz,0,NA,1569373338,10,-26.65,15.16,87.8,26.4
kutum,66,SD,1569373430,36,14.2,24.66,81.31,5.19
auki,25,NG,1569373430,71,12.18,6.51,76.81,8.19
grand gaube,75,MU,1569373430,88,-20.01,57.66,71.6,12.75
balabac,95,PH,1569373430,74,7.99,117.06,83.82,12.21
provideniya,75,RU,1569373430,91,64.42,-173.23,39.2,6.71
port elizabeth,1,US,1569373430,77,39.31,-74.98,73.4,3.36
circleville,1,US,1569373177,87,39.6,-82.95,68,3.36
bunbury,20,GB,1569373431,93,53.12,-2.65,57.99,3.36
punta arenas,40,CL,1569373200,75,-53.16,-70.91,44.6,10.29
meulaboh,100,ID,1569373431,81,4.14,96.13,79.51,4.03
tukums,0,LV,1569373431,80,56.97,23.17,41,3.36
puerto escondido,75,MX,1569373431,70,15.86,-97.07,84.2,3.36
walvis bay,1,NA,1569373431,76,-22.95,14.51,57.99,4.7
sinnamary,4,GF,1569373432,80,5.38,-52.96,82.02,13.73
santa cruz,66,BR,1569373432,70,-6.22,-36.02,72.31,19.42
fairbanks,90,US,1569373429,60,64.84,-147.72,44.01,5.82
bredasdorp,20,ZA,1569373432,67,-34.53,20.04,57.2,13.87
cabo san lucas,5,MX,1569373162,69,22.89,-109.91,87.01,20.8
beloha,91,MG,1569373432,80,-25.17,45.06,68.17,6.93
lebu,89,ET,1569373432,89,8.96,38.73,55.92,1.21
sola,83,TZ,1569373269,55,-3.17,33.8,71.41,2.98
kantang,40,TH,1569373433,94,7.42,99.52,77,5.82
sao joao da barra,76,BR,1569373362,71,-21.64,-41.05,65.65,4.92
namatanai,86,PG,1569373433,83,-3.66,152.44,80.59,11.63
lodwar,0,KE,1569373328,44,3.12,35.6,81.85,18.32
caibarien,40,CU,1569373433,78,22.52,-79.47,77,3.36
hovd,0,NO,1569373433,93,63.83,10.7,51.01,9.17
boromlya,3,UA,1569373433,71,50.62,34.97,36.85,5.75
joaima,38,BR,1569373433,82,-16.65,-41.03,62.41,4.07
severo-kurilsk,61,RU,1569373400,79,50.68,156.12,49.27,24.83
bonavista,85,CA,1569373434,87,48.65,-53.11,45,5.99
los llanos de aridane,20,ES,1569373434,73,28.66,-17.92,71.6,11.41
kauhajoki,20,FI,1569373434,100,62.43,22.18,24.8,2.24
geraldton,90,CA,1569373434,67,49.72,-86.95,60.8,16.11
chipinge,100,ZW,1569373434,93,-20.19,32.62,62.41,9.82
victoria,75,BN,1569373434,55,5.28,115.24,87.8,10.29
kurilsk,18,RU,1569373435,66,45.23,147.88,55.92,28.52
mahebourg,75,MU,1569373435,88,-20.41,57.7,71.6,12.75
sharjah,0,AE,1569373435,58,25.36,55.39,91.4,9.17
lata,1,IN,1569373435,90,30.78,78.62,34.69,1.61
broken hill,100,AU,1569373435,36,-31.97,141.45,60.8,14.99
san lorenzo,54,HN,1569373435,84,13.43,-87.45,78.79,1.72
port keats,6,AU,1569373436,30,-14.25,129.55,82.21,13.18
harwich,1,US,1569373436,77,41.69,-70.08,66.99,5.82
chifeng,0,CN,1569373382,33,42.27,118.96,65.29,7.49
ambon,27,FR,1569373436,87,47.55,-2.56,63,16.11
lima,90,PE,1569373436,88,-12.06,-77.04,62.6,12.75
buala,91,SB,1569373436,68,-8.15,159.59,82.92,3.36
pitkyaranta,99,RU,1569373436,58,61.57,31.48,43.32,8.05
west point,1,US,1569373294,83,33.61,-88.65,84.2,2.42
taoudenni,1,ML,1569373437,11,22.68,-3.98,93.19,5.19
sur,15,OM,1569373437,79,22.57,59.53,77.35,7.16
namibe,81,AO,1569373437,91,-15.19,12.15,68.89,3.58
luanda,75,AO,1569373226,88,-8.83,13.24,75.2,5.82
santa marta,45,CO,1569373437,70,11.24,-74.21,86,10.02
mareeba,90,AU,1569373438,54,-16.99,145.42,82.4,18.34
caravelas,60,BR,1569373438,75,-17.73,-39.27,71.59,12.03
faanui,54,PF,1569373438,76,-16.48,-151.75,79.87,20.13
deep river,90,CA,1569373438,76,46.1,-77.49,57.2,3.36
airai,41,TL,1569373438,46,-8.93,125.41,82.75,3.02
kodiak,40,US,1569373438,83,39.95,-94.76,75.2,10.29
naze,100,NG,1569373439,92,5.43,7.07,74.65,4.34
lujan,3,AR,1569373439,37,-46.57,-67.67,62.59,9.69
anloga,40,GH,1569373439,88,5.79,0.9,78.8,8.05
udachnyy,75,RU,1569373439,93,66.42,112.4,35.6,6.71
kyshtovka,65,RU,1569373439,95,56.56,76.62,34.87,9.62
almeirim,92,BR,1569373439,83,-1.53,-52.58,75.72,2.01
ushtobe,81,KZ,1569373440,25,45.25,77.98,61.51,3.38
kathu,0,ZA,1569373440,44,-27.7,23.05,55.99,1.01
stykkisholmur,95,IS,1569373440,85,65.08,-22.73,51.25,4.85
hope,1,US,1569373204,58,33.67,-93.59,86,6.93
bandarbeyla,67,SO,1569373440,67,9.49,50.81,75.72,15.01
plettenberg bay,1,ZA,1569373440,91,-34.05,23.37,49.09,5.39
lavrentiya,50,RU,1569373440,62,65.58,-170.99,35.95,5.1
guerrero negro,39,MX,1569373273,86,27.97,-114.04,68.71,14.81
port augusta,4,AU,1569373441,67,-32.49,137.76,64.99,4.7
sembakung,40,ID,1569373441,88,3.82,117.25,80.6,5.82
cristalina,89,BR,1569373441,36,-16.77,-47.61,80.59,12.37
paamiut,100,GL,1569373441,88,61.99,-49.67,40.62,30.36
havoysund,75,NO,1569373441,74,71,24.66,42.8,19.46
cayenne,0,GF,1569373441,94,4.94,-52.33,77,5.57
akim swedru,49,GH,1569373442,98,5.89,-1.02,73.02,3.56
korsor,99,DK,1569373442,100,55.33,11.14,57,2.24
elat,98,CM,1569373442,94,2.91,11.16,69.61,4.47
mnogovershinnyy,73,RU,1569373442,62,53.94,139.92,41.52,35.68
kanlagay,69,PH,1569373442,74,5.88,121.29,82.02,1.79
ayaviri,26,PE,1569373442,50,-14.88,-70.59,47.82,12.28
vanimo,75,PG,1569373443,75,-2.67,141.3,81.85,2.44
linxia,0,CN,1569373443,64,35.6,103.21,45.31,6.58
rawson,23,AR,1569373443,49,-43.3,-65.11,60.42,8.46
saint-francois,0,FR,1569373443,67,46.42,3.91,60.8,5.82
soure,11,PT,1569373443,93,40.06,-8.63,66.99,11.32
wanning,90,AT,1569373443,100,48.64,13.53,57,3.36
ryotsu,4,JP,1569373443,53,38.08,138.43,73.4,10.29
port lincoln,17,AU,1569373444,75,-34.72,135.86,55.57,11.07
vila franca do campo,20,PT,1569373444,72,37.72,-25.43,71.01,6.93
boende,100,CD,1569373444,93,-0.28,20.88,72.85,3.15
college,90,US,1569373444,60,64.86,-147.8,46.99,5.82
tysmenytsya,43,UA,1569373444,100,48.9,24.84,50,2.13
watsa,100,CD,1569373444,96,3.04,29.53,65.47,1.41
grindavik,75,IS,1569373445,93,63.84,-22.43,51.8,14.99
juneau,90,US,1569373445,87,58.3,-134.42,51.8,5.82
harper,1,US,1569373445,42,30.3,-99.24,86,5.82
itarema,74,BR,1569373445,76,-2.92,-39.92,77.17,10.71
goderich,0,CA,1569373445,83,43.74,-81.71,57.99,12.88
saint pete beach,1,US,1569373446,74,27.73,-82.74,82.99,3.36
tomari,32,RU,1569373446,54,47.76,142.06,52.69,24.4
karratha,84,AU,1569373446,36,-20.74,116.85,76.62,11.68
gasa,80,BT,1569373446,86,27.91,89.73,33.25,4.94
neryungri,91,RU,1569373446,90,56.66,124.71,33.42,1.21
portland,75,US,1569373446,68,43.66,-70.25,64.4,11.41
narsaq,75,GL,1569373447,52,60.91,-46.05,44.6,5.82
elko,0,US,1569373255,34,40.83,-115.76,75,5.99
mosquera,75,CO,1569373447,82,4.71,-74.23,57.2,4.7
arica,90,CL,1569373447,77,-18.48,-70.32,60.8,5.82
hasaki,20,JP,1569373306,65,35.73,140.83,79,9.17
manaus,75,BR,1569373372,66,-3.13,-59.98,87.8,6.93
shingu,40,JP,1569373447,64,33.72,135.99,75.2,2.24
dryden,90,CA,1569373447,93,49.79,-92.84,53.6,3.94
podor,0,MR,1569373448,79,16.65,-14.96,84.2,2.24
coruripe,0,BR,1569373448,94,-10.12,-36.18,68.71,2.89
yar-sale,94,RU,1569373448,91,66.83,70.83,36.12,16.78
ponta do sol,51,BR,1569373400,74,-20.63,-46,67.62,4.76
phayuha khiri,81,TH,1569373448,83,15.46,100.14,74.47,2.84
tezu,59,IN,1569373448,83,27.93,96.16,66.01,2.21
kunming,75,CN,1569373448,71,25.04,102.71,53.6,6.71
cukai,75,MY,1569373264,94,4.25,103.42,78.8,1.83
bara,82,NG,1569373449,88,10.41,10.6,75.37,5.79
tocopilla,89,CL,1569373449,81,-22.09,-70.2,58.45,9.01
santa catarina de tepehuanes,100,MX,1569373449,91,25.34,-105.72,58.27,1.95
bainbridge,1,US,1569373449,51,30.9,-84.58,86,4.7
yacuiba,66,AR,1569373449,43,-22.01,-63.68,68.35,1.28
muros,75,ES,1569373450,100,42.77,-9.06,62.01,2.24
faya,0,SA,1569373450,63,18.39,42.45,68,2.77
buraydah,0,SA,1569373353,29,26.33,43.97,78.8,4.7
tres arroyos,0,AR,1569373450,54,-38.38,-60.28,55.57,2.62
buchanan,75,LR,1569373450,94,5.88,-10.05,77,10.98
madang,10,CN,1569373450,79,35.32,102.79,32.52,1.99
oloron-sainte-marie,90,FR,1569373450,93,43.19,-0.61,62.01,5.82
itoman,75,JP,1569373451,83,26.12,127.67,78.8,10.29
yulara,72,AU,1569373451,67,-25.24,130.99,57.2,16.11
bathsheba,20,BB,1569373451,83,13.22,-59.52,82.4,13.87
sisimiut,2,GL,1569373451,86,66.94,-53.67,39.37,19.66
quatre cocos,75,MU,1569373452,88,-20.21,57.76,71.6,12.75
salta,0,AR,1569373178,35,-24.79,-65.41,75.2,4.7
krylovskaya,100,RU,1569373452,72,46.32,39.96,52,10.54
nome,1,US,1569373452,69,30.04,-94.42,82,6.64
lulea,19,SE,1569373312,94,65.58,22.15,35.6,3.36
bjornevatn,90,NO,1569373452,80,69.67,29.98,41,18.34
san vicente,75,EC,1569373452,83,-0.59,-80.41,73.4,11.41
leshukonskoye,99,RU,1569373453,91,64.9,45.76,35.59,9.64
ngaoundere,93,CM,1569373453,86,7.32,13.58,65.65,1.16
phek,100,IN,1569373453,99,25.7,94.46,69.61,0.81
yuty,12,PY,1569373453,63,-26.61,-56.25,71.05,7.56
dvinskoy,100,RU,1569373453,94,62.16,45.12,35.22,6.8
yaan,100,NG,1569373453,93,7.38,8.57,75.19,5.19
hofn,100,IS,1569373453,99,64.25,-15.21,39.37,3.24
lagoa nova,66,BR,1569373453,70,-6.09,-36.47,72.31,19.42
ekhabi,100,RU,1569373454,80,53.51,142.97,45.67,41.72
neuquen,0,AR,1569373454,45,-38.95,-68.06,64.4,3.98
obo,96,CF,1569373454,91,5.39,26.49,70.51,0.92
doka,0,SD,1569373454,92,13.52,35.76,73.39,6.67
nelson bay,20,AU,1569373454,45,-32.72,152.14,68,11.41
bethel,75,US,1569373242,57,60.79,-161.76,51.8,18.34
tamparan,27,PH,1569373455,71,7.88,124.34,79.32,1.36
uong bi,20,VN,1569373455,65,21.03,106.78,78.8,5.82
australind,49,AU,1569373455,60,-33.28,115.72,66,10.8
copiapo,75,CL,1569373369,71,-27.37,-70.33,53.6,9.17
hirara,40,JP,1569373455,69,24.8,125.28,80.6,13.87
mizdah,0,LY,1569373455,59,31.45,12.98,75.01,7.49
oktyabrskoye,0,RU,1569373455,85,56.73,85.44,39,11.18
vilani,100,LV,1569373455,74,56.55,26.92,39.19,3.67
salalah,75,OM,1569373456,78,17.01,54.1,80.6,8.05
along,54,IN,1569373456,95,28.17,94.8,53.05,3.24
boyuibe,18,BO,1569373456,39,-20.43,-63.28,72.31,6.89
chabahar,42,IR,1569373456,83,25.29,60.65,80.77,1.07
san francisco,100,CO,1569373220,95,1.17,-76.88,52.15,2.3
hvide sande,16,DK,1569373456,100,56.01,8.13,57.99,6.93
tautira,75,PF,1569373456,58,-17.73,-149.15,86,6.93
beira,20,ES,1569373457,82,43.2,-8.36,63,5.82
camocim,89,BR,1569373411,86,-2.9,-40.84,74.47,4.07
bucak,40,TR,1569373457,82,37.46,30.59,73.4,8.05
lincoln,75,GB,1569373265,100,53.23,-0.54,57.99,6.93
nehe,3,CN,1569373457,60,48.48,124.88,50.71,3.89
berlevag,98,NO,1569373385,80,70.86,29.09,43.69,21.85
zmeinogorsk,77,RU,1569373457,67,51.15,82.2,50.89,3.56
axim,73,GH,1569373458,90,4.87,-2.24,76.27,11.83
benguela,68,AO,1569373458,88,-12.58,13.4,71.77,6.15
sitka,48,US,1569373458,64,37.17,-99.65,84,13
staryy nadym,93,RU,1569373458,83,65.61,72.68,36.31,17.9
te anau,49,NZ,1569373458,81,-45.41,167.72,37.02,10.8
mazagao,40,BR,1569373240,83,-0.12,-51.29,84.2,11.41
necochea,0,AR,1569373458,61,-38.55,-58.74,55.99,1.01
tilichiki,100,RU,1569373459,94,60.47,166.1,37.75,12.75
pag,0,HR,1569373459,93,44.45,15.06,53.6,2.24
port blair,94,IN,1569373459,74,11.67,92.75,82.21,5.21
nushki,0,PK,1569373459,25,29.55,66.02,73.02,4.81
codrington,60,AU,1569373459,64,-28.95,153.24,73,2.24
jutai,42,BR,1569373459,88,-1.71,-47.89,75.19,4.34
synya,100,RU,1569373459,96,65.37,58.04,34.32,11.16
maputo,75,MZ,1569373374,68,-25.97,32.57,64.4,12.75
cicevac,75,RS,1569373460,87,43.72,21.45,59,4.7
leningradskiy,100,RU,1569373460,97,69.38,178.42,34.69,8.16
guspini,0,IT,1569373460,82,39.54,8.63,70,8.05
san patricio,0,PY,1569373460,77,-26.98,-56.83,67.27,6.06
nantucket,1,US,1569373460,77,41.28,-70.1,66.2,5.82
polunochnoye,92,RU,1569373460,83,60.87,60.43,30.37,7.38
voznesenskoye,0,RU,1569373460,96,54.89,42.76,30.37,4.52
whitehorse,75,CA,1569373461,46,60.72,-135.06,54,8.05
flinders,75,AU,1569373461,59,-34.58,150.85,70,5.82
porterville,0,US,1569373461,20,36.07,-119.02,93.2,4.7
nagaur,0,IN,1569373461,63,27.2,73.74,80.41,7.9
husavik,58,CA,1569373461,66,50.56,-96.99,59,12.28
saint anthony,1,US,1569373462,40,43.97,-111.68,71.6,12.75
ponca city,1,US,1569373462,83,36.73,-97.07,80.6,6.93
pangody,97,RU,1569373462,87,65.85,74.49,36.49,19.33
nabire,100,ID,1569373462,96,-3.36,135.5,71.77,2.77
palaikastron,42,GR,1569373462,92,35.2,26.25,75.99,5.99
isangel,75,VU,1569373462,61,-19.55,169.27,78.8,9.17
mitzic,88,GA,1569373463,97,0.78,11.55,69.25,4.29
huai yot,40,TH,1569373463,94,7.79,99.63,77,5.82
goya,82,AR,1569373463,69,-29.14,-59.27,62.77,6.78
sovetskaya,100,RU,1569373463,8,44.78,41.17,48,4
lagoa,0,PT,1569373463,78,37.14,-8.45,71.6,5.82
vilhena,89,BR,1569373335,74,-12.74,-60.15,74.29,2.98
cockburn town,100,TC,1569373463,74,21.46,-71.14,81.85,7.76
galle,100,GN,1569373464,98,10.08,-12.83,71.59,2.3
kadoma,20,JP,1569373464,64,34.73,135.6,79,10.29
songea,2,TZ,1569373464,55,-10.68,35.65,64.92,4.36
egersund,40,NO,1569373372,67,58.45,6,57.2,9.17
taksimo,27,RU,1569373464,74,56.36,114.84,45.31,2.26
sohag,0,EG,1569373464,39,26.55,31.7,72.31,12.62
vostok,0,RU,1569373465,63,46.45,135.83,45.31,7.56
lakhdenpokhya,100,RU,1569373465,70,61.52,30.2,38.11,2.77
kiri buru,100,IN,1569373465,95,22.08,85.35,73.92,5.68
ha noi,0,VN,1569373465,88,21.02,105.84,73.4,4.7
surt,1,LY,1569373465,81,31.21,16.59,78.42,9.22
nouadhibou,0,MR,1569373465,77,20.93,-17.03,69.8,17.22
abu road,0,IN,1569373466,79,24.48,72.78,76.27,3
yarkovo,0,RU,1569373466,74,54.81,82.6,37.4,6.71
kloulklubed,75,PW,1569373466,74,7.04,134.26,86,10.29
camacha,40,PT,1569373466,88,33.08,-16.33,75.2,4.7
ostrovnoy,95,RU,1569373466,92,68.05,39.51,36.85,11.3
kruisfontein,1,ZA,1569373466,83,-34,24.73,47.82,9.53
warud,100,IN,1569373466,89,21.47,78.27,71.95,3.02
bakchar,22,RU,1569373467,94,57.02,82.07,35.77,7.11
milkovo,90,BG,1569373467,93,41.53,24.68,60.8,3.36
gadsden,1,US,1569373217,33,34.01,-86.01,78.8,3.36
castelbuono,55,IT,1569373328,72,37.93,14.09,73,5.99
phan thiet,27,VN,1569373467,85,10.93,108.1,76.45,2.06
maniitsoq,0,GL,1569373468,75,65.42,-52.9,40.45,4.05
laredo,1,US,1569373346,52,27.51,-99.51,95,12.75
bogorodskoye,50,RU,1569373468,63,52.37,140.44,39.91,24.47
beidao,0,CN,1569373468,70,34.57,105.89,52.51,4.45
half moon bay,1,US,1569373468,17,37.46,-122.43,91.4,19.46
mezen,100,RU,1569373468,88,65.85,44.24,38.47,12.84
lukovetskiy,40,RU,1569373468,91,64.29,41.92,33.8,4.83
kieta,99,PG,1569373469,66,-6.22,155.63,81.85,2.91
hohoe,83,GH,1569373469,85,7.15,0.48,77.17,4.21
alexandria,93,RO,1569373469,84,43.97,25.33,61,7.7
grand-santi,100,GF,1569373469,97,4.27,-54.38,73.02,2.35
majene,0,ID,1569373384,80,-3.54,118.97,80.41,14.36
belaya gora,97,RU,1569373469,56,68.54,146.19,31.27,9.51
saint-georges,100,CA,1569373418,100,46.12,-70.67,54,10.47
daru,77,PG,1569373469,83,-9.07,143.21,77.17,9.93
palmares do sul,0,BR,1569373470,84,-30.26,-50.51,54,15.08
dingle,8,PH,1569373470,84,11,122.67,80.41,6.51
la ronge,75,CA,1569373470,57,55.1,-105.3,50,21.92
hami,2,CN,1569373470,15,42.84,93.51,66.91,4.56
plainview,1,US,1569373470,61,34.18,-101.71,82.4,6.93
yelizovo,90,RU,1569373470,100,53.19,158.38,50,11.18
zhigansk,100,RU,1569373470,74,66.77,123.37,37.21,7.99
miraflores,0,PE,1569373471,33,-16.39,-71.52,57.2,2.24
saint-augustin,75,CA,1569373471,87,45.63,-73.98,59,3.36
gembloux,83,BE,1569373471,100,50.56,4.69,57,9.17
ambulu,91,ID,1569373471,89,-8.35,113.61,73.02,3.51
lasa,0,CY,1569373471,63,34.92,32.53,68,6.93
san ramon de la nueva oran,1,AR,1569373471,38,-23.13,-64.33,70.15,3.47
luganville,75,VU,1569373472,65,-15.51,167.18,80.6,8.05
businga,93,CD,1569373472,88,3.34,20.89,72.85,3.04
nidau,75,CH,1569373472,93,47.12,7.24,60.8,1.12
pisco,0,PE,1569373472,82,-13.71,-76.2,63,11.41
zhangjiakou,0,CN,1569373472,46,40.77,114.88,60.61,1.36
alto longa,99,BR,1569373472,55,-5.25,-42.21,78.25,1.25
qeshm,20,IR,1569373473,84,26.96,56.27,87.8,6.93
yatou,75,CM,1569373473,100,3.63,9.81,75.2,3.36
the valley,20,AI,1569373473,83,18.22,-63.06,82.4,4.7
manaure,75,CO,1569373473,79,11.78,-72.45,84.2,4.7
lorengau,80,PG,1569373473,68,-2.02,147.27,84.55,7.76
rock sound,79,BS,1569373387,81,24.9,-76.2,80.41,13.8
kincardine,18,CA,1569373202,82,44.18,-81.63,59,13.69
aykhal,75,RU,1569373474,93,65.95,111.51,35.6,6.71
adrar,0,DZ,1569373474,10,27.87,-0.29,89.6,12.75
aswan,0,EG,1569373474,30,24.09,32.9,79.32,15.08
burnie,14,AU,1569373474,61,-41.05,145.91,53.77,6.69
ulaanbaatar,0,MN,1569373401,51,47.92,106.92,44.6,2.19
siocon,75,PH,1569373474,78,11.03,124.04,82.21,5.93
moussoro,32,TD,1569373474,42,13.64,16.49,87.25,3.96
tharad,0,IN,1569373474,71,24.39,71.63,82.57,7.92
istok,25,PL,1569373475,68,52.66,23.48,43,1.01
levittown,1,US,1569373475,46,40.15,-74.84,69.8,6.38
conceicao do castelo,88,BR,1569373475,88,-20.37,-41.24,58.09,1.41
marsh harbour,91,BS,1569373475,74,26.54,-77.06,78.61,11.72
rusape,38,ZW,1569373475,93,-18.53,32.12,56.65,10.07
avera,1,US,1569373475,58,33.19,-82.53,82.4,1.34
worgl,75,AT,1569373476,93,47.48,12.07,55,5.82
saint-prosper,100,CA,1569373476,100,46.21,-70.48,51.01,4.63
south river,1,US,1569373476,43,40.45,-74.39,72,10.58
nautla,90,MX,1569373476,74,20.22,-96.78,83.65,9.86
banda aceh,97,ID,1569373476,77,5.56,95.32,81.67,5.73
henties bay,84,NA,1569373476,91,-22.12,14.28,57.99,3
robertsport,63,LR,1569373477,92,6.75,-11.37,76.62,5.17
okhotsk,100,RU,1569373477,76,59.36,143.24,37.75,23.11
huejuquilla el alto,40,MX,1569373477,59,22.63,-103.9,76.09,5.5
kiama,75,AU,1569373477,59,-34.67,150.86,61,5.82
ilhabela,86,BR,1569373197,82,-23.78,-45.36,68.52,19.06
talnakh,75,RU,1569373477,84,69.49,88.39,33.8,15.66
borogontsy,17,RU,1569373477,69,62.67,131.17,35.77,5.19
shakawe,0,BW,1569373478,16,-18.36,21.84,68.71,9.86
kazerun,0,IR,1569373478,31,29.62,51.65,72.12,1.45
aginskoye,0,RU,1569373478,78,51.11,114.54,53.59,1.81
riyadh,0,SA,1569373389,28,24.63,46.72,82.4,4.7
talara,76,PE,1569373212,94,-4.58,-81.27,63.49,14.27
letterkenny,46,IE,1569373416,93,54.95,-7.73,53.05,0.94
umba,14,RU,1569373478,94,66.69,34.34,34.32,7.02
corrente,18,BR,1569373478,37,-17.45,-44.68,76.99,8.08
constitucion,90,MX,1569373479,52,23.99,-104.67,68,6.93
tigil,100,RU,1569373479,63,57.8,158.67,52.69,18.59
mayo,20,CA,1569373479,61,63.59,-135.9,48.2,3.36
price,1,US,1569373479,22,39.6,-110.81,77,14.99
bilma,0,NE,1569373479,12,18.69,12.92,85.09,3.98
macas,90,EC,1569373479,95,-2.3,-78.12,45.31,3.69
acapulco,75,MX,1569373480,79,16.86,-99.88,84.2,2.24
sao geraldo do araguaia,72,BR,1569373480,55,-6.4,-48.55,82.57,4.88
praia da vitoria,20,PT,1569373480,82,38.73,-27.07,66.2,9.71
sarangani,13,PH,1569373480,73,5.4,125.46,81.67,7.54
gizo,20,IL,1569373480,73,31.8,34.94,71.6,3.36
staunton,1,US,1569373480,52,38.15,-79.07,66.2,5.82
coquimbo,20,CL,1569373340,81,-29.95,-71.34,57.99,8.05
oum hadjer,22,TD,1569373481,45,13.3,19.7,86.71,6.67
autazes,56,BR,1569373481,68,-3.58,-59.13,81.12,1.77
conde,12,BR,1569373481,97,-11.81,-37.61,67.62,2.86
san quintin,0,PH,1569373481,74,17.54,120.52,78.07,4.12
nyurba,82,RU,1569373269,90,63.29,118.35,37.02,1.99
vestmannaeyjar,100,IS,1569373481,91,63.44,-20.27,50.17,30.31
khani,75,GE,1569373481,77,41.96,42.96,60.8,5.82
portsoy,90,GB,1569373482,93,57.68,-2.69,57.2,12.75
port-cartier,75,CA,1569373482,75,50.03,-66.88,46.99,5.82
ponnani,75,IN,1569373482,88,10.77,75.93,77,3.36
shitanjing,0,CN,1569373482,24,39.23,106.34,64.39,1.79
almaznyy,0,RU,1569373482,86,48.03,40.04,33.8,4.47
wojkowice,20,PL,1569373236,93,50.37,19.04,51.01,1.12
znamenskoye,39,RU,1569373483,97,57.13,73.82,31.99,5.66
bayan,7,CN,1569373483,67,36.1,102.26,43.69,0.34
trincomalee,90,LK,1569373483,91,8.58,81.23,73.21,2.28
worland,1,US,1569373388,28,44.02,-107.96,75.2,4.7
kargil,0,PK,1569373483,63,34.56,76.13,46.39,5.73
huarmey,49,PE,1569373483,93,-10.07,-78.15,61.87,13.67
methoni,0,GR,1569373483,88,36.82,21.7,68,3.36
vokhma,95,RU,1569373484,94,58.93,46.76,34.51,6.35
nueva loja,100,EC,1569373484,84,0.08,-76.88,73.02,1.7
baijiantan,100,CN,1569373484,34,45.63,85.18,69.42,9.24
vestmanna,100,FO,1569373484,100,62.16,-7.17,51.8,18.34
pundaguitan,22,PH,1569373484,75,6.37,126.17,81.31,3.09
verkhoyansk,58,RU,1569373484,82,67.55,133.39,34.15,1.36
charlestown,40,US,1569373484,55,41.38,-71.64,68,12.75
manggar,25,ID,1569373485,73,-2.88,108.27,80.95,5.84
sao filipe,100,CV,1569373485,90,14.9,-24.5,80.41,13.35
mopti,0,ML,1569373485,84,14.49,-4.19,86,6.93
vondrozo,53,MG,1569373485,96,-22.82,47.32,61.69,2.01
sabha,0,LY,1569373485,22,27.03,14.43,80.41,7.4
severo-yeniseyskiy,17,RU,1569373485,93,60.37,93.04,36.12,4.81
altay,82,CN,1569373485,45,47.83,88.13,51.25,1.57
nisia floresta,0,BR,1569373486,78,-6.09,-35.21,78.8,9.17
aljezur,22,PT,1569373486,96,37.31,-8.8,70,1.01
inta,100,RU,1569373486,96,66.04,60.13,35.05,17.31
nemuro,20,JP,1569373486,52,43.32,145.57,64.4,10.29
parabel,100,RU,1569373486,92,58.71,81.5,35.41,11.7
yagodnoye,100,RU,1569373486,57,62.52,149.63,25.15,9.33
twentynine palms,1,US,1569373487,19,34.14,-116.05,102.2,13.87
krasnoshchekovo,91,RU,1569373487,74,51.67,82.73,49.62,2.53
